#{"t_start": 1741909845.5149643, "env_id": "None"}
r,l,t
-301.81456,868,1.909913
-204.790499,701,2.471895
-258.775718,754,3.090156
-299.715724,878,3.808925
-98.550923,424,4.233567
-83.276791,378,4.544142
-335.572077,950,5.325211
-323.721729,887,21.913338
-275.823868,744,37.141564
-85.27836,366,44.633219
-97.845959,408,52.970113
-74.799659,317,60.373688
-93.833866,424,69.468812
-240.315258,757,87.414777
-81.731627,379,95.302841
-229.781894,766,112.867045
-139.880999,550,123.313614
-250.502992,698,136.072502
-266.830444,762,152.551406
-209.249606,638,164.688827
-339.198225,888,183.296536
-279.843769,883,200.764812
-159.704238,630,214.415347
-201.218639,712,228.533736
-123.983122,512,237.730191
-290.038423,855,254.387498
-311.675924,902,272.395571
-221.647033,682,287.147753
-81.359546,349,298.138164
-84.438404,391,310.392534
-58.925913,261,318.474305
-62.470106,287,332.551529
-211.083644,686,352.279073
-230.821789,744,374.245399
-158.806584,593,391.325869
-140.454988,518,406.177004
-150.721436,609,423.869237
-150.200059,603,441.733345
-232.670062,768,463.645144
-202.095976,709,483.008847
-59.307642,283,490.817418
-323.347379,909,516.120815
-69.354392,332,525.311926
-108.010502,436,537.638674
-221.582083,732,558.261858
-117.0357,509,572.593709
-178.546828,706,592.413085
-58.766783,278,600.214494
-199.427845,585,621.566705
-269.156469,925,647.390227
-298.183112,950,674.185796
-129.788284,572,690.323603
-317.298341,915,716.050962
-96.798121,402,727.325517
-169.981932,660,745.942812
-70.985441,311,754.721527
-129.928421,577,771.057505
-123.035885,513,785.298235
-169.890186,711,805.28524
-199.290423,730,825.81555
-92.339368,408,837.20036
-171.384714,713,857.325457
-86.38483,384,868.087227
-79.418432,385,878.77973
-135.361024,612,896.094988
-51.550462,232,905.432603
-283.72733,934,931.761391
-228.582934,826,955.044473
-238.242715,819,978.176476
-145.455821,550,993.584329
-283.827845,917,1019.548557
-163.260613,592,1036.249531
-127.607594,503,1050.455347
-160.395581,725,1070.839293
-309.162509,971,1097.926263
-318.450739,865,1125.077489
-108.713511,433,1138.629783
-162.240042,709,1160.965392
-72.430516,326,1171.017218
-220.584988,830,1195.227145
-115.893341,518,1208.211706
-164.967197,713,1225.573824
-280.116265,800,1245.452447
-248.212277,874,1266.97266
-208.996075,677,1283.777177
-98.99721,463,1295.221762
-170.610565,779,1314.552827
-140.295163,600,1329.376657
-235.82693,817,1349.623105
-94.339227,439,1358.74942
-79.254435,369,1366.949499
-104.265932,482,1376.07995
-231.11568,868,1392.802243
-147.579592,668,1405.313359
-226.538482,923,1423.934139
-2.301044,10,1428.73068
-104.055305,485,1441.338893
-96.016035,437,1452.491779
-237.194163,854,1466.801933
-65.607676,307,1471.928537
-87.73929,420,1480.11855
-232.083788,711,1493.281916
-77.044626,361,1502.17058
-191.828672,766,1520.917815
-59.023988,276,1526.578015
-54.582465,252,1532.941716
-122.230605,574,1547.107471
-68.407923,317,1554.921597
-112.872485,534,1568.140815
-109.614434,520,1580.876171
-236.364063,729,1596.227831
-263.079614,917,1619.065581
-295.399907,961,1639.21436
-86.692051,415,1649.964252
-36.164035,164,1658.996488
-57.487651,258,1665.968424
-260.765251,922,1686.959175
-262.607211,913,1704.293912
-157.110638,644,1717.091911
-102.570673,456,1726.927363
-168.900861,697,1740.660569
-105.286994,485,1748.561537
-96.973652,430,1755.151399
-84.957271,398,1761.329978
-123.714032,498,1769.41284
-111.533643,498,1778.234959
-171.433804,788,1792.847642
-218.270835,883,1813.074043
-115.461855,541,1823.688112
-120.038967,549,1833.964267
-108.003178,504,1844.143835
-121.997602,536,1859.705534
-239.693852,882,1882.419454
-123.570748,570,1895.403395
-137.067769,635,1907.252357
-191.804157,728,1925.419597
-238.007583,788,1945.238878
-115.251754,523,1955.307645
-140.459265,550,1966.372077
-182.188546,697,1980.330909
-156.525971,727,1998.778391
-120.324433,529,2015.82924
-219.142899,882,2042.52949
-78.799315,315,2052.707999
-220.773518,967,2082.776663
-164.992631,740,2106.081405
-108.700386,467,2123.869249
-131.255659,572,2141.245719
-176.093304,814,2168.756505
-225.585874,980,2200.398969
-181.916364,711,2223.442608
-156.592708,690,2245.450898
-55.117793,269,2254.256701
-87.841377,413,2267.391276
-102.346183,484,2282.852871
-207.141561,788,2305.486809
-259.728902,760,2328.84258
-84.755662,389,2341.087874
-94.058489,427,2354.404108
-142.551941,661,2375.245715
-200.541173,931,2403.808961
-110.717866,494,2419.362357
-100.025651,439,2433.38696
-39.112662,178,2446.263428
-267.893996,912,2475.651045
-240.369506,913,2505.099797
-200.830124,742,2528.881448
-183.377923,860,2556.269454
-176.872624,730,2579.697853
-84.801963,374,2590.684812
-74.211265,348,2601.635988
-131.067312,553,2619.268907
-81.251206,385,2631.622951
-101.318976,447,2645.91017
-162.004852,715,2666.720058
-63.312378,297,2676.199911
-148.164309,661,2697.230231
-177.014533,711,2717.883313
-209.604863,848,2742.537761
-69.634534,322,2752.848192
-40.343014,182,2765.855896
-109.726921,513,2782.214001
-93.934839,406,2795.207023
-230.23723,907,2824.156808
-170.337606,764,2846.875641
-171.000452,711,2869.615281
-136.501645,625,2889.635812
-162.750922,732,2912.151111
-148.645062,691,2934.025003
-118.410853,534,2951.115536
-55.934995,262,2959.490184
-78.818184,356,2970.848489
-99.237682,441,2984.913046
-64.166821,299,2994.493943
-150.033246,676,3016.060893
-187.89887,876,3044.007146
-161.977106,712,3066.911811
-110.522131,495,3086.566992
-157.760436,704,3109.173967
-78.743694,363,3120.839489
-135.43784,631,3141.036546
-59.424732,279,3150.051652
-153.575849,712,3173.016038
-111.383807,482,3188.383187
-236.399212,930,3216.856023
-72.38713,333,3227.474953
-145.287821,699,3249.706581
-229.382558,979,3281.070283
-266.31699,849,3308.115087
-153.88873,714,3329.927957
-117.333385,530,3346.804041
-57.188568,260,3354.996537
-83.611412,408,3368.045605
-185.5089,868,3395.53319
-57.236176,259,3407.236327
-141.526566,604,3426.139922
-94.105068,417,3439.536938
-112.128086,542,3456.807168
-259.220866,940,3487.029694
-128.364614,609,3506.564973
-134.165799,616,3526.305066
-60.456094,284,3535.35604
-65.154074,300,3545.020071
-136.427638,620,3564.807756
-85.282331,409,3577.869902
-74.121614,347,3588.857934
-195.865147,824,3615.221111
-179.033536,816,3641.339946
-116.800691,560,3659.222519
-182.931803,799,3684.794201
-145.179271,642,3704.577521
-63.749985,297,3713.786449
-83.668389,374,3731.867702
-186.665398,872,3759.528492
-201.346043,943,3789.186522
-164.223158,755,3812.203108
-112.174935,511,3828.423617
-152.092282,670,3849.995874
-173.403874,754,3873.251833
-66.3646,307,3883.026915
-130.575624,574,3901.473278
-164.643554,697,3923.802681
-161.889248,697,3946.098149
-72.213544,326,3956.483934
-127.949105,573,3974.766066
-93.98875,433,3987.547861
-262.124763,954,4017.038213
-155.359505,715,4039.793871
-45.253103,219,4053.747285
-80.942939,372,4065.84324
-133.109783,629,4085.981108
-142.455244,661,4105.935692
-75.105578,362,4117.629565
-205.501036,864,4143.699117
-94.639965,392,4152.748765
-165.627977,722,4165.303928
-54.855613,257,4169.854722
-208.996445,981,4186.295581
-90.616773,431,4193.329394
-68.296198,296,4198.495712
-135.746609,610,4208.553799
-194.016797,911,4223.851028
-140.901337,644,4235.19238
-168.024193,661,4246.484397
-180.818025,855,4260.787329
-76.459018,352,4268.814309
-122.825226,564,4278.534433
-123.382057,570,4287.999379
-144.653593,680,4299.433721
-189.708987,852,4313.481107
-125.249925,552,4323.151721
-129.625373,594,4333.047166
-175.644421,804,4346.712425
-84.065537,400,4353.665078
-126.69289,567,4363.460581
-228.547676,982,4380.494561
-156.133961,689,4391.849602
-115.260856,542,4401.007388
-81.655813,361,4406.573802
-147.959223,653,4417.709734
-111.637731,530,4427.066737
-65.116157,291,4431.905729
-83.215217,369,4441.370038
-189.090197,896,4457.153257
-98.50658,455,4464.923295
-70.184854,334,4470.745414
-159.667037,639,4482.159688
-164.808926,742,4495.217413
-144.252885,665,4507.225369
-167.608267,779,4521.211753
-199.396117,957,4537.60934
-160.448635,732,4550.410328
-74.753066,357,4556.523727
-203.498296,908,4572.286366
-121.738215,558,4581.971647
-90.533849,393,4588.635663
-59.929632,269,4593.435123
-114.591266,476,4601.701207
-152.541582,733,4614.587118
-21.82094,107,4619.448862
-187.062365,873,4634.714357
-113.87736,547,4644.50689
-172.409938,802,4658.384146
-94.405857,452,4666.198423
-207.581961,931,4682.283689
-174.715192,727,4694.824642
-113.479985,515,4703.82038
-109.261298,507,4712.344147
-94.599937,439,4720.131527
-84.352815,373,4726.052412
-119.126585,529,4734.537341
-97.719614,466,4742.349528
-85.991152,421,4749.660533
-174.435699,820,4763.303542
-112.128556,496,4770.957363
-152.245848,717,4782.699717
-84.13425,385,4791.593779
-99.588882,449,4799.759974
-71.828424,341,4805.401441
-152.971728,701,4817.382282
-200.477802,903,4832.332636
-152.743582,690,4844.350829
-153.705781,704,4856.384302
-150.841492,655,4867.707451
-197.23837,900,4882.906693
-177.770099,828,4896.913736
-131.953492,590,4907.0893
-188.073256,826,4921.499571
-218.579809,763,4934.458645
-123.277937,558,4943.938712
-138.992275,644,4954.894341
-96.914938,448,4965.819714
-117.128774,552,4975.088378
-92.50539,384,4981.817651
-205.827253,962,4998.251593
-84.493344,393,5004.936373
-104.265063,494,5013.376929
-135.393067,622,5023.622293
-130.338085,583,5033.826297
-90.536877,431,5041.190867
-94.923342,423,5049.01154
-158.347155,757,5062.101806
-162.467393,758,5075.091368
-115.469994,536,5084.381367
-206.211481,953,5100.007772
-152.216626,638,5110.532403
-61.611622,287,5115.154755
-169.11579,813,5128.427752
-93.287211,414,5136.853876
-125.983171,579,5146.401545
-84.236865,405,5153.137304
-200.950953,955,5169.126263
-78.235675,324,5174.310811
-174.324927,844,5188.409315
-172.085373,796,5201.716332
-181.926268,716,5213.720685
-137.254314,647,5224.839342
-117.04506,517,5233.58652
-137.565472,637,5244.550352
-127.491306,594,5254.675601
-131.081474,551,5264.089644
-215.831847,899,5279.50235
-205.153035,963,5295.608499
-96.583273,430,5303.114341
-36.394987,143,5307.234437
-69.146798,315,5312.759506
-208.700299,951,5329.13063
-172.739602,778,5342.321393
-72.767488,346,5348.362451
-163.244544,738,5361.439653
-105.808523,498,5369.757763
-190.65562,865,5384.602562
-174.639262,759,5397.715013
-55.157298,266,5402.379339
-133.048637,605,5412.722689
-83.529489,362,5419.037134
-180.101032,865,5433.410221
-171.599039,815,5446.95539
-184.37757,872,5461.636373
-212.920992,956,5477.110509
-1.882475,9,5479.343014
-55.531385,250,5483.203496
-204.359991,905,5498.291417
-57.125753,275,5502.923498
-172.133119,734,5515.139911
-58.182426,269,5519.843678
-149.931052,674,5531.002012
-83.693654,368,5537.051337
-87.924113,403,5543.511698
-135.759641,627,5553.829491
-119.03851,544,5562.913381
-127.326377,603,5573.350533
-101.792525,464,5581.863213
-140.021809,633,5592.564282
-117.577932,552,5602.082513
-186.834148,874,5616.854659
-129.028225,612,5627.463386
-108.627413,512,5636.080716
-182.064571,701,5651.083513
-94.902852,448,5658.792874
-160.645283,706,5670.743166
-90.113607,431,5678.226726
-100.749582,487,5686.655869
-112.407435,536,5695.854746
-79.513055,376,5702.381477
-141.355982,652,5713.563529
-198.162164,894,5728.984695
-126.947461,521,5738.118492
-110.664632,507,5746.88291
-79.848065,358,5752.973169
-129.341134,594,5763.351259
-213.054097,953,5779.920909
-140.702245,650,5790.980072
-104.461859,483,5799.450449
-141.434553,619,5809.655283
-143.076053,634,5819.710463
-31.973706,151,5825.427455
-250.388116,972,5841.463772
-166.183091,787,5854.576671
-172.532698,735,5866.913655
-122.309752,566,5876.274662
-87.11941,414,5883.457087
-157.713528,736,5895.659672
-105.952526,495,5904.069572
-57.098202,254,5908.457767
-111.203654,524,5917.544323
-189.371882,887,5932.534059
-185.859148,756,5945.337339
-56.594755,274,5949.911472
-147.879406,669,5961.14722
-81.051602,387,5967.253903
-104.496753,498,5975.093726
-96.003344,439,5982.143124
-122.513169,547,5991.043511
-14.138535,60,5993.84753
-108.188135,518,6002.541906
-145.112257,669,6013.772735
-165.193115,746,6026.726978
-177.263155,785,6040.036665
-194.087772,860,6054.790342
-97.547315,434,6062.288956
-58.705905,276,6067.147605
-171.668741,786,6080.575444
-109.36253,487,6088.968659
-79.644039,379,6096.047601
-95.268141,445,6103.581507
-151.256999,693,6115.469747
-181.271266,784,6128.822805
-180.05729,750,6141.603579
-173.467467,799,6155.812255
-133.602103,589,6167.111127
-153.26488,702,6178.434793
-203.196249,927,6192.394433
-150.23477,683,6202.966786
-182.079477,853,6216.209157
-101.717629,480,6223.891327
-213.321183,970,6239.374189
-173.658662,691,6250.809568
-101.808794,492,6258.7927
-140.605451,634,6268.147342
-202.440661,930,6283.011462
-107.252016,493,6291.119693
-198.48785,916,6306.091578
-99.050813,479,6313.917571
-87.084806,392,6320.516365
-64.589702,280,6325.211704
-18.681088,78,6327.79843
-200.330597,895,6342.566472
-190.769042,861,6357.220405
-128.825376,556,6367.271586
-76.60505,372,6373.364371
-231.933629,751,6386.3204
-92.432897,447,6393.808642
-109.95653,521,6402.588602
-150.444696,678,6413.968543
-112.398169,543,6423.153213
-83.526485,400,6430.027002
-293.073954,921,6445.476834
-186.129069,881,6460.039712
-164.704117,770,6472.695328
-179.330347,766,6485.316545
-66.85251,306,6490.384336
-76.241178,332,6498.059519
-197.830568,906,6513.243052
-217.287738,980,6528.523335
-110.893238,521,6536.673476
-79.626279,374,6542.748431
-142.510644,684,6553.921257
-172.842031,745,6567.244283
-56.272705,259,6571.62061
-57.136257,263,6575.823264
-199.20163,910,6590.687175
-170.909872,743,6603.261342
-74.580928,342,6608.960716
-63.400913,305,6614.364432
-120.392541,547,6623.566335
-89.874093,425,6630.246846
-66.963862,319,6635.477012
-156.902358,710,6647.476145
-189.208767,909,6663.515576
-12.208168,58,6665.771361
-89.096546,400,6672.634288
-115.240656,533,6681.998659
-109.750375,503,6690.428065
-146.03011,671,6702.191389
-119.678707,570,6712.067262
-100.364043,470,6720.364983
-102.328302,477,6728.708761
-199.724993,900,6744.22213
-206.34493,942,6760.979746
-137.778201,652,6772.194968
-151.413982,726,6784.539566
-193.541283,889,6799.687877
-66.061895,292,6804.623573
-92.607066,381,6810.978868
-61.562316,294,6816.063699
-83.532866,392,6822.985873
-175.577227,803,6839.062873
-21.233865,105,6841.979263
-168.417091,797,6856.557637
-119.186773,536,6867.526581
-101.290156,479,6877.176199
-108.54008,501,6889.344673
-126.243796,564,6903.038505
-150.394237,654,6919.081915
-192.610556,875,6940.65952
-143.305369,645,6956.567452
-57.947473,272,6963.172655
-148.496208,687,6980.072835
-120.557231,572,6994.183417
-89.684047,419,7005.311321
-117.518477,517,7018.145548
-145.052518,660,7034.506582
-143.501641,651,7050.516244
-121.782784,569,7064.620184
-130.080619,602,7081.718873
-117.19986,559,7095.881154
-197.777287,790,7115.531721
-127.55073,612,7130.499538
-108.171586,472,7142.391257
-121.882078,530,7155.715833
-196.732167,930,7178.93638
-152.04459,709,7196.33367
-185.792554,848,7217.089961
-115.389503,534,7230.043406
-101.251399,486,7241.803897
-214.502497,953,7265.034448
-82.324805,359,7273.840971
-54.018114,256,7280.128692
-147.652996,664,7296.195987
-211.35111,968,7319.825907
-72.724735,330,7331.541984
-108.213925,510,7344.297439
-69.256102,319,7352.178555
-102.978913,472,7363.826202
-151.01371,684,7380.494858
-58.040415,260,7386.845806
-119.863146,557,7400.521817
-104.095833,499,7412.849656
-112.125255,515,7425.77571
-182.954286,834,7447.350964
-190.420048,787,7466.892723
-99.55611,462,7478.317051
-188.685553,843,7498.995762
-154.51403,700,7516.222346
-123.007568,558,7529.859388
-102.146659,463,7541.00589
-213.892665,980,7564.498678
-120.590538,557,7579.76083
-100.593601,481,7591.468925
-114.611755,525,7604.125487
-106.076476,487,7615.921122
-144.457548,642,7631.412963
-93.155438,426,7640.176281
-108.642487,516,7650.313909
-169.379872,789,7666.459891
-157.221667,738,7681.564263
-146.216524,590,7693.641546
-124.99691,562,7705.157792
-142.620821,657,7717.242192
-112.354447,498,7726.168972
-151.332626,592,7735.761478
-73.880357,303,7740.876154
-187.441025,827,7754.308542
-204.911758,945,7769.314918
-89.349911,422,7778.394747
-119.711547,532,7787.635095
-99.606292,444,7795.184318
-211.524318,967,7812.344948
-180.331175,835,7827.329904
-66.231815,312,7833.511845
-199.091044,906,7849.712501
-148.196889,711,7862.011883
-75.668972,344,7868.128328
-123.806743,575,7878.127397
-203.916194,900,7894.161078
-66.109637,292,7899.160002
-129.721484,593,7909.624409
-76.45413,341,7915.627171
-105.538369,483,7923.661927
-206.39998,946,7939.509711
-265.781955,819,7954.139923
-158.139939,688,7965.440641
-196.258798,890,7979.43258
-187.113369,882,7993.790637
-71.151332,334,7999.056217
-233.904718,880,8013.05411
-179.888502,812,8026.081367
-147.07301,676,8037.122379
-203.025247,935,8052.831193
-197.597047,925,8068.571251
-142.304175,615,8078.953261
-113.465144,541,8088.520656
-152.78019,732,8101.257708
-118.789656,561,8110.895828
-63.708747,284,8115.934715
-54.372578,245,8122.780078
-123.873938,591,8132.935246
-64.579186,283,8138.024213
-100.750952,473,8146.444329
-186.333789,836,8161.726151
-113.295427,510,8170.835082
-154.765713,722,8183.796386
-158.279376,721,8196.273047
-214.408281,973,8213.444986
-146.120095,688,8225.453112
-91.251904,423,8232.866631
-201.137361,907,8248.992704
-139.245297,629,8259.930134
-140.743304,676,8271.719242
-116.367516,548,8281.496603
-157.986807,726,8294.229004
-66.289847,294,8301.269449
-182.794484,873,8316.749
-127.355361,592,8327.144326
-152.791229,615,8337.657597
-169.976911,680,8349.55292
-144.002164,680,8360.83036
-64.535245,308,8366.199672
-160.684102,701,8377.909969
-85.52041,403,8385.263168
-211.965101,932,8401.424279
-97.410836,474,8409.967972
-162.3808,747,8422.857033
-128.807996,622,8433.789624
-69.482881,331,8439.456137
-76.871748,347,8445.771721
-61.898616,288,8450.766051
-63.5627,307,8456.203124
-192.927473,842,8470.751052
-60.636837,258,8476.247984
-144.794312,666,8487.900306
-209.771325,948,8504.974197
-135.354764,609,8515.536903
-181.63638,848,8530.31979
-149.415947,680,8541.906735
-119.779772,557,8551.761918
-161.957061,777,8565.1822
-90.71046,430,8572.360667
-93.13708,439,8580.042865
-167.671513,703,8592.276878
-166.554229,719,8605.08795
-142.735688,680,8617.211806
-143.096581,636,8628.181048
-106.650302,503,8637.094351
-184.904117,805,8654.437464
-62.038986,292,8659.669368
-90.803018,412,8666.964512
-192.32071,890,8682.670385
-220.09262,968,8699.068281
-94.464844,433,8706.556998
-113.152111,517,8715.778942
-61.337746,294,8720.704933
-65.062441,294,8725.322983
-83.308647,384,8732.30442
-69.800707,329,8737.965776
-184.683317,872,8753.095297
-161.941782,743,8766.096431
-198.799028,957,8783.129193
-93.750797,408,8790.210632
-76.926345,358,8796.744265
-66.98818,319,8802.082161
-72.389643,332,8807.932416
-54.652799,265,8812.781699
-70.26868,318,8818.380571
-133.228705,615,8833.215919
-154.591032,671,8844.911727
-187.209782,864,8860.24513
-171.003462,742,8873.353267
-185.974585,844,8888.13871
-124.212072,518,8897.366929
-61.707251,296,8902.311003
-59.071629,269,8907.004643
-120.031866,553,8917.008798
-171.299289,824,8931.076303
-65.98638,312,8936.67103
-107.862416,481,8945.027046
-118.343498,565,8954.617818
-211.904981,949,8971.134093
-129.826521,603,8981.654344
-119.320786,528,8991.114144
-163.852199,741,9003.986027
-52.540405,240,9010.248536
-68.177579,322,9015.949243
-200.928237,920,9031.878048
-160.230081,700,9044.019463
-195.518061,857,9058.735243
-194.18836,889,9073.081365
-161.374102,765,9085.892897
-72.900419,328,9091.425986
-209.57474,961,9108.066656
-158.139269,641,9119.235631
-189.40444,854,9133.886541
-174.858625,772,9147.102273
-90.317951,415,9154.592404
-79.801469,382,9161.118347
-171.937597,744,9174.034064
-106.549874,450,9185.812506
-185.861502,834,9200.756343
-90.461324,429,9208.044076
-177.500371,804,9222.141704
-63.971796,306,9227.535218
-185.02023,848,9242.097014
-131.065147,616,9252.72499
-80.506151,380,9259.364329
-206.282996,966,9276.46061
-148.212263,711,9288.948281
-212.854812,853,9304.128993
-120.04403,551,9313.608985
-183.982945,866,9328.84335
-204.789652,917,9344.93779
-108.009348,523,9354.332807
-82.922037,396,9362.427691
-112.836789,520,9371.489724
-183.460951,756,9384.761692
-197.623064,938,9401.172651
-64.780764,308,9406.470085
-141.752672,674,9417.827318
-69.541799,324,9423.359278
-199.803732,920,9439.014231
-119.405349,571,9448.374083
-56.805124,280,9452.91122
-104.171311,480,9461.191535
-115.613857,528,9470.212893
-205.944114,900,9485.80532
-77.345347,360,9492.158843
-189.905642,915,9507.933395
-152.603068,701,9520.352719
-75.868242,334,9526.012676
-94.532639,421,9533.306697
-15.812799,70,9535.809301
-144.156236,681,9548.425024
-99.976665,465,9556.237895
-111.643646,542,9566.019828
-60.228437,264,9570.287604
-65.224181,312,9575.917447
-92.79154,418,9583.093221
-164.861517,762,9596.189218
-108.438817,520,9605.370109
-124.389087,559,9615.076726
-115.358525,518,9624.198187
-115.003084,557,9633.612334
-189.385607,885,9649.464951
-121.872261,545,9659.10295
-67.935059,301,9664.382264
-131.289763,599,9675.176344
-60.885935,279,9679.944159
-189.754977,914,9695.950282
-194.377338,879,9713.454427
-136.133735,601,9723.896686
-86.905441,413,9731.066319
-82.565364,382,9737.682774
-91.606722,407,9744.836437
-66.918962,296,9749.8262
-123.684784,562,9759.632857
-65.281387,301,9764.69836
-114.63424,549,9774.069212
-200.098358,930,9789.64804
-79.340831,368,9795.709273
-130.603736,622,9806.059459
-84.338093,391,9812.560194
-185.440163,765,9825.620792
-67.494212,310,9830.681171
-158.075831,753,9843.827228
-136.346546,624,9855.019292
-140.428652,606,9865.517003
-150.108778,697,9877.729414
-109.434533,423,9886.646645
-75.723161,346,9892.476326
-60.942916,291,9897.822873
-90.953262,412,9905.010109
-76.815924,359,9911.234136
-56.664625,272,9915.976366
-207.469719,953,9932.976877
-153.409522,703,9945.407089
-140.969185,666,9956.792973
-140.162706,623,9967.81018
-174.358163,797,9981.922201
-82.221741,403,9988.653298
-120.544219,572,9998.939166
-183.726923,837,10013.53626
-72.669273,334,10019.56579
-193.402493,889,10035.11523
-98.91094,439,10042.885617
-135.61226,597,10053.634228
-106.08746,507,10065.37751
-140.04323,663,10076.973239
-140.48363,650,10088.496753
-83.074612,401,10095.506
-195.661481,896,10111.185008
-205.940598,823,10125.532969
-76.729329,350,10131.075042
-71.371091,292,10136.294936
-164.79329,704,10148.560825
-67.964803,305,10153.361623
-98.542536,485,10161.328302
-109.026515,530,10169.91414
-148.871696,703,10181.762279
-102.668362,458,10189.366955
-134.858462,629,10200.340664
-184.570495,869,10215.729525
-62.745327,288,10220.569826
-80.393309,375,10226.986137
-93.2529,443,10234.848048
-31.069525,136,10239.65405
-80.882601,369,10246.32143
-208.189784,975,10262.959155
-144.463625,674,10274.99346
-193.7938,842,10289.62238
-154.225995,721,10303.281936
-150.269621,647,10314.036724
-220.169207,975,10330.622463
-116.634131,542,10340.082578
-176.850479,850,10355.424225
-91.882336,437,10362.924928
-194.461256,747,10376.13131
-92.721595,410,10383.325186
-134.614062,620,10393.98339
-130.65085,576,10403.542595
-135.048674,615,10417.008001
-197.147611,903,10432.598727
-87.583334,393,10439.313095
-80.411044,395,10446.394644
-52.659079,256,10450.605711
-117.891387,555,10460.369941
-203.678053,865,10475.03496
-198.651882,961,10490.769888
-173.048324,807,10504.332904
-117.020084,511,10512.578969
-131.933085,612,10522.467373
-116.094572,535,10531.872522
-161.219946,733,10544.241163
-78.259595,379,10550.676936
-92.029075,446,10558.248985
-135.262623,577,10567.96343
-133.546626,635,10578.364245
-93.257273,437,10588.408513
-102.50773,460,10596.392064
-185.633863,866,10611.289068
-97.174262,460,10619.033124
-141.729294,625,10629.877935
-70.850334,322,10635.569289
-154.051527,741,10648.309351
-183.111831,833,10662.428772
-172.306048,780,10677.010317
-75.305245,366,10683.198784
-67.674644,311,10688.66399
-184.619815,801,10701.916588
-74.257616,339,10707.584985
-109.270656,507,10716.429144
-83.780278,405,10723.040956
-83.114347,389,10730.108632
-58.821952,285,10735.040491
-72.432771,324,10740.445219
-72.290674,343,10746.545952
-73.04071,340,10752.50776
-113.43569,503,10764.155885
-109.464601,530,10772.583921
-156.114361,672,10782.95081
-78.700486,377,10789.262389
-133.476738,622,10798.546769
-219.167634,907,10815.695846
-106.394617,510,10824.85522
-199.040755,944,10840.577545
-130.008643,605,10851.191765
-196.215016,904,10866.839396
-196.814056,890,10881.233269
-78.013514,374,10887.634019
-138.025908,589,10898.341181
-80.162883,388,10906.395093
-204.974739,940,10925.549363
-82.474194,397,10933.75507
-81.11384,351,10942.79612
-96.725858,469,10952.151081
-201.83201,919,10968.73813
-185.209077,877,10986.651128
-55.158473,251,10990.817384
-109.972719,466,10998.014629
-179.316456,806,11009.960496
-159.260992,729,11020.55795
-136.837673,534,11029.149896
-99.153879,446,11038.332901
-74.433443,358,11045.804157
-135.098072,610,11056.553484
-146.36938,693,11068.574709
-135.221161,564,11078.373387
-133.065748,636,11089.317115
-79.296034,370,11095.450094
-81.859454,336,11100.654203
-141.408699,640,11110.795976
-66.059358,296,11117.336004
-126.737303,587,11131.101428
-157.485702,724,11145.991902
-67.106416,310,11151.38469
-172.34825,829,11163.841235
-208.227565,899,11179.201438
-68.131713,303,11184.617514
-129.05333,624,11195.992842
-65.142971,311,11202.349724
-62.670082,304,11207.843551
-194.392581,850,11224.880339
-55.66607,257,11230.101765
-155.734816,665,11241.528651
-137.981343,597,11250.607519
-142.884029,646,11263.673796
-62.187282,296,11269.085645
-57.798167,281,11274.059009
-188.180159,887,11291.21129
-66.2297,296,11297.198797
-67.644156,334,11307.838737
-144.071456,666,11321.666486
-166.452906,763,11337.192258
-107.828667,485,11347.01801
-171.6201,751,11360.970266
-176.003718,824,11377.466655
-156.602439,680,11391.765285
-104.037687,463,11401.401188
-94.498816,430,11410.319693
-96.102323,443,11419.618328
-69.298795,305,11426.014938
-77.085658,350,11433.282495
-77.976266,371,11440.905425
-175.226785,825,11457.857831
-177.328333,797,11474.104344
-72.839018,343,11479.228562
-123.294504,534,11488.60796
-120.8106,562,11498.366318
-61.817789,290,11503.221056
-25.830796,118,11507.036921
-113.05962,523,11515.621083
-97.577211,436,11522.943942
-144.684643,666,11535.590144
-163.169178,784,11548.979437
-60.000533,288,11553.877437
-131.315555,531,11562.591093
-147.41395,694,11573.646915
-123.19474,591,11583.693109
-100.367634,442,11590.911456
-173.436546,817,11604.035175
-78.136761,363,11609.622617
-155.359821,726,11621.998458
-79.848244,326,11627.763738
-125.963923,602,11637.489214
-191.683742,877,11651.788595
-99.205494,454,11659.409037
-154.773325,691,11671.265904
-43.419048,189,11676.082408
-183.005897,832,11690.910511
-189.012333,889,11705.619503
-109.590479,521,11715.275217
-213.448528,955,11731.49349
-196.787382,928,11748.030404
-103.473817,468,11756.145873
-157.062659,741,11769.228956
-217.294505,899,11785.208222
-159.651355,753,11797.872382
-143.461633,656,11808.923155
-57.533362,251,11813.1574
-144.554022,639,11823.765573
-174.729612,842,11838.318222
-144.544383,626,11850.353036
-57.055575,260,11854.953884
-107.969173,523,11864.264435
-205.882545,977,11881.484448
-222.416422,963,11898.756304
-168.404633,762,11911.910959
-91.345737,421,11918.90455
-75.815348,359,11924.643421
-116.0675,549,11933.921304
-147.87696,687,11945.342094
-146.436484,674,11956.752292
-214.654724,934,11972.382976
-118.432593,553,11983.843388
-72.905137,345,11989.750023
-200.535066,918,12005.215245
-99.985951,471,12013.302083
-93.703001,434,12021.015219
-35.559674,170,12025.382478
-181.27147,835,12039.669185
-124.925045,543,12049.398485
-75.437543,353,12055.563405
-161.256269,736,12068.346821
-137.338057,556,12077.966692
-65.301687,302,12083.193227
-197.019388,895,12098.940352
-129.615617,613,12109.936606
-96.71325,444,12117.698209
-99.062398,463,12125.931076
-94.531221,415,12133.527413
-123.472431,583,12143.782694
-194.607294,938,12160.595516
-124.935702,586,12171.009436
-153.221459,723,12183.794316
-220.918093,966,12201.276894
-10.70085,49,12204.962113
-65.171636,310,12210.426885
-203.526771,876,12226.183181
-84.602419,387,12232.851378
-140.173857,642,12244.40945
-199.78227,937,12260.88207
-91.55532,423,12267.801138
-71.344054,324,12273.058211
-57.829762,281,12277.677297
-55.642358,270,12281.791439
-70.430745,336,12287.019127
-184.217188,844,12299.663143
-112.123878,514,12308.569215
-157.194638,682,12320.42391
-211.876807,938,12335.308467
-212.331413,940,12351.007259
-149.651159,665,12362.220293
-127.607441,575,12371.880261
-12.575544,56,12376.808268
-66.298544,320,12382.350771
-157.57077,690,12394.318274
-204.484637,934,12410.582799
-146.313235,643,12421.919467
-187.181463,855,12436.547089
-112.17411,535,12445.618506
-110.115259,532,12454.969449
-153.176599,635,12466.038174
-102.162074,474,12474.381805
-100.744753,473,12482.785848
-94.252982,451,12490.736651
-196.023435,898,12506.362919
-117.123985,548,12515.8995
-126.907585,542,12525.533001
-166.430952,798,12539.434065
-147.466293,672,12555.051986
-151.155778,647,12566.649188
-143.481391,680,12578.462208
-109.905197,526,12587.142299
-112.409207,546,12596.425792
-64.375701,276,12600.774477
-137.972609,623,12611.212816
-197.919846,939,12627.486366
-132.966471,621,12637.841102
-112.106609,537,12647.144787
-68.448204,328,12652.590216
-193.709134,906,12667.509495
-70.571183,330,12672.879335
-126.396883,610,12683.270187
-63.805433,287,12687.972068
-210.522936,951,12703.933471
-73.482951,360,12709.914989
-114.978459,534,12718.4102
-70.599637,299,12725.963834
-67.04081,322,12731.444703
-132.13912,612,12741.38612
-99.474319,402,12747.783257
-82.096905,363,12754.003715
-62.560879,287,12758.849537
-126.203168,603,12769.220988
-110.671828,528,12778.181343
-191.556632,904,12793.743809
-211.946729,842,12808.091873
-128.219184,607,12820.014221
-150.539732,661,12831.153295
-158.609566,697,12843.600695
-192.198749,866,12858.589015
-174.24669,792,12872.309078
-97.743609,452,12880.115436
-98.642507,407,12887.047038
-148.145048,655,12900.391377
-134.63896,526,12909.75343
-79.715549,356,12915.751259
-58.927562,272,12920.356059
-166.407517,778,12933.616117
-191.237867,844,12948.181647
-116.553347,520,12956.954634
-51.833061,252,12961.231847
-197.714808,893,12976.39152
-150.464089,655,12987.691393
-136.502815,627,12998.139283
-237.983028,916,13013.624039
-93.442686,427,13020.438341
-157.193575,675,13031.866734
-55.521814,254,13036.042088
-68.149378,265,13040.340628
-172.297386,804,13054.443076
-98.201484,462,13062.241135
-102.689925,474,13073.127253
-101.590798,477,13080.87047
-133.128255,613,13091.329414
-86.783443,396,13097.930067
-105.532222,504,13106.166762
-186.274459,850,13120.332312
-188.609565,894,13135.387248
-146.921989,666,13146.728431
-108.951093,492,13155.144981
-118.783788,562,13165.097445
-124.177314,563,13174.565954
-227.325452,907,13190.353319
-142.884501,658,13201.834477
-221.799211,907,13218.204754
-104.976714,505,13228.857358
-102.373366,453,13238.341263
-125.41434,553,13251.58988
-80.703096,381,13259.63129
-185.435754,850,13278.452682
-97.065797,468,13288.196614
-183.106111,855,13305.696831
-174.06952,826,13322.622389
-182.396639,814,13339.219266
-144.690444,652,13352.549231
-200.709157,752,13367.835785
-99.286869,451,13377.066969
-195.708384,902,13395.482976
-172.722997,781,13411.481609
-88.433677,418,13420.067479
-179.385579,854,13437.697524
-156.172794,672,13451.517287
-67.031423,324,13460.618145
-181.408301,810,13477.494136
-80.510921,388,13485.471334
-177.710608,807,13502.088857
-71.550669,343,13509.05693
-78.247894,363,13516.475049
-89.022644,405,13524.747018
-208.514299,953,13544.356489
-215.121088,936,13563.646113
-86.391687,392,13571.861432
-68.582261,316,13578.419218
-82.910019,397,13586.609352
-73.657377,350,13593.860787
-203.183454,951,13613.534939
-72.285994,340,13620.524866
-150.313854,686,13634.743715
-149.821358,673,13648.652223
-153.981317,732,13663.788538
-36.256324,158,13669.04454
-60.76994,277,13674.784872
-175.934305,821,13691.470367
-122.919027,557,13702.77228
-105.917167,507,13713.138653
-134.690095,634,13725.971025
-173.425931,835,13742.932757
-147.241967,656,13756.304015
-134.670071,629,13769.189827
-175.654443,849,13786.525233
-129.080188,603,13798.807145
-90.562927,407,13807.133653
-143.624142,656,13820.621138
-107.744908,505,13830.996556
-159.246334,709,13845.479422
-154.013302,729,13860.491395
-130.468938,626,13877.223409
-85.481159,352,13884.658536
-154.294066,728,13899.58313
-143.504105,647,13912.811504
-164.654209,662,13926.551947
-186.924711,819,13943.615599
-98.349802,455,13953.146017
-97.610835,472,13962.942244
-98.582199,473,13972.820182
-189.365148,890,13991.135449
-102.681572,465,14000.75171
-161.394333,736,14015.987796
-86.193587,385,14023.834265
-203.565389,933,14042.800237
-172.234386,694,14056.948973
-78.84687,371,14064.497744
-64.314243,294,14070.482178
-129.706194,624,14087.050484
-117.467257,541,14098.235999
-152.360722,712,14114.051267
-130.221963,608,14127.374292
-121.927208,570,14139.927614
-201.692539,936,14160.864176
-192.23371,930,14181.667697
-90.536079,407,14190.645387
-138.249621,611,14204.235953
-150.892505,687,14219.609323
-132.928826,587,14232.466035
-119.800655,521,14243.862374
-89.664872,419,14253.011542
-71.559379,344,14260.568221
-81.094726,357,14268.64166
-192.122063,851,14288.027661
-131.210229,579,14301.311977
-72.306304,340,14311.688698
-178.348972,835,14330.733108
-78.728154,366,14339.116033
-126.603457,571,14352.095501
-230.913112,941,14373.578851
-206.225246,943,14394.324626
-55.324082,252,14399.858372
-112.403143,497,14410.742106
-106.947988,515,14421.908494
-78.432763,362,14429.853628
-184.424522,839,14448.432657
-76.238717,355,14456.417447
-183.758912,816,14475.649471
-77.003669,351,14483.392937
-147.698742,676,14498.56045
-132.272175,638,14512.892102
-104.507111,461,14523.260321
-104.598024,481,14534.067891
-24.630459,101,14538.413105
-128.037771,605,14552.316209
-66.191799,293,14558.818391
-118.696122,556,14571.09128
-148.655804,667,14585.975359
-60.386047,278,14592.169902
-221.3803,955,14613.316643
-107.073689,497,14624.447853
-67.522209,311,14631.53425
-80.839405,390,14640.327519
-188.2132,749,14657.302338
-199.847074,930,14678.451345
-109.262342,491,14689.516756
-102.469468,446,14699.630726
-79.729187,348,14707.542708
-123.485053,593,14721.171739
-58.247688,285,14727.842825
-209.842923,950,14747.611673
-65.215082,265,14753.730202
-87.191135,391,14764.965641
-123.882634,554,14777.930856
-122.354889,560,14790.866467
-168.361579,774,14808.946493
-99.6842,469,14819.903805
-73.879424,356,14828.220387
-190.65684,919,14849.538794
-219.136517,841,14869.094968
-161.943646,770,14887.435901
-151.614009,650,14902.996208
-103.127085,493,14914.580742
-126.232832,597,14928.51092
-181.463306,805,14947.301375
-93.568387,437,14957.723463
-92.971329,423,14967.634699
-62.900981,290,14974.414196
-62.857493,285,14981.095126
-61.031421,273,14987.552724
-77.836285,358,14995.941808
-31.016173,146,15002.509881
-160.60195,677,15018.831001
-145.111191,678,15035.005836
-153.459533,687,15051.412144
-206.075024,770,15069.739663
-55.251845,261,15075.915998
-140.388881,658,15091.587082
-130.677621,625,15106.145246
-166.674839,702,15122.401062
-186.153033,858,15142.247323
-70.903668,290,15150.293732
-129.04151,594,15164.00912
-142.040059,629,15178.564629
-218.746889,833,15198.029436
-222.448249,939,15219.976145
-54.389238,251,15225.86243
-126.568847,548,15240.180857
-106.886816,492,15251.749718
-179.834784,776,15269.998249
-155.0574,705,15286.648982
-59.65027,270,15293.074465
-182.793896,842,15313.113603
-75.889254,352,15321.262934
-82.760932,382,15330.126179
-159.694151,734,15347.414531
-72.543588,297,15354.479008
-158.64365,751,15372.393296
-159.317558,744,15390.048754
-218.954499,880,15410.974679
-138.25995,644,15426.406318
-108.988227,499,15438.298516
-64.855382,285,15445.176154
-188.018999,842,15465.031797
-89.022704,419,15474.728506
-19.259753,86,15478.773861
-66.068917,316,15486.286116
-154.402312,688,15502.193702
-148.441403,690,15518.201576
-203.557049,922,15539.791477
-199.137884,891,15560.361105
-87.38663,395,15569.471775
-97.373524,435,15579.554128
-206.629855,944,15601.737997
-114.672213,555,15614.855411
-196.262839,945,15637.139375
-105.043133,475,15648.634364
-149.775593,686,15663.885932
-222.729849,973,15682.310075
-87.782839,401,15691.252986
-142.175327,684,15710.754434
-69.953739,326,15718.896893
-95.145491,446,15729.763301
-182.840386,845,15750.407179
-115.340231,503,15762.380126
-170.170298,785,15780.929306
-138.225778,644,15796.481992
-113.237628,513,15808.860661
-160.241592,719,15825.763748
-174.890877,792,15844.242174
-135.478297,637,15859.223117
-91.553956,401,15868.592779
-170.942867,785,15888.361461
-73.455445,357,15896.850685
-120.289786,567,15910.493657
-92.337299,455,15921.165313
-190.892445,894,15941.952261
-61.07272,297,15949.00944
-8.002457,34,15952.002295
-156.530195,728,15969.574034
-156.255568,715,15986.825732
-186.827478,741,16004.218263
-149.724459,709,16020.881969
-154.503132,673,16036.985856
-89.202317,396,16046.326394
-152.276834,715,16063.263474
-138.517168,614,16077.851123
-161.209897,741,16095.613909
-64.854409,299,16102.695812
-111.058718,506,16114.871927
-172.511173,819,16134.416102
-57.581987,280,16140.46664
-59.490134,262,16146.364701
-146.932895,664,16159.064089
-186.939155,862,16176.245849
-59.911841,276,16182.474117
-162.15786,758,16200.73584
-106.101137,493,16212.321588
-112.497172,517,16224.176934
-80.184393,362,16231.979059
-116.903091,557,16245.009401
-87.236796,420,16255.309784
-89.141283,432,16264.947443
-166.298717,759,16280.28507
-155.981184,729,16295.359728
-84.480449,372,16302.588948
-104.550783,444,16310.127837
-91.90247,442,16320.920611
-156.195798,612,16334.606112
-89.788892,405,16341.768439
-198.819048,919,16356.729095
-101.437097,465,16364.247231
-85.286306,396,16370.597281
-182.660741,829,16383.233384
-20.787296,89,16386.475442
-59.631678,286,16390.968324
-80.391296,385,16397.133872
-189.7228,889,16410.930288
-116.419162,526,16419.700693
-111.179648,518,16428.178632
-96.426902,457,16435.765277
-107.792143,515,16444.420049
-209.511477,923,16459.590549
-115.404479,509,16468.052932
-144.239799,667,16479.058586
-206.100679,960,16497.149521
-165.638598,722,16511.889964
-166.142905,759,16528.801477
-201.694686,908,16547.429528
-117.540773,549,16560.289281
-58.165728,265,16565.050415
-35.549687,162,16570.560328
-197.090694,950,16589.765218
-121.875887,564,16599.303858
-184.07841,844,16618.170345
-71.379906,326,16624.304905
-67.460839,321,16631.762908
-125.849879,599,16644.246837
-109.977799,523,16653.916121
-126.101445,598,16666.325711
-68.37643,283,16672.875013
-89.713205,430,16681.449304
-68.457188,313,16687.027685
-193.038645,861,16703.800925
-88.849221,432,16712.824999
-97.212283,441,16721.062917
-164.232354,754,16737.185904
-209.02214,959,16754.471323
-111.403387,508,16763.707776
-63.801299,294,16771.907974
-158.356795,747,16788.077773
-111.224992,511,16798.703557
-185.292706,824,16817.953535
-165.578287,789,16836.50377
-186.724432,867,16854.80486
-69.501185,306,16862.870715
-74.313822,353,16870.890202
-215.796043,966,16889.941513
-167.529971,771,16903.888513
-192.336586,879,16918.652633
-206.635827,948,16934.255058
-76.89625,370,16940.59339
-55.460217,262,16944.943099
-182.95676,732,16957.168139
-147.816203,675,16969.648209
-96.292759,430,16976.979569
-211.758969,925,16992.086291
-100.605672,467,17000.418335
-187.810724,743,17020.000451
-82.859067,393,17030.275755
-87.157402,391,17040.593997
-63.872735,294,17048.36717
-159.054429,740,17067.763842
-187.169532,836,17089.475626
-93.747521,449,17101.188771
-117.953999,559,17115.519737
-157.676861,701,17133.428427
-88.794892,412,17143.997945
-166.884845,803,17164.832404
-65.971878,287,17172.323294
-83.953039,413,17182.913817
-202.302905,934,17207.086457
-49.099299,223,17217.18632
-138.752947,656,17234.541155
-116.313249,556,17249.072873
-179.107827,830,17270.457438
-132.766031,597,17285.938279
-93.073671,432,17296.835139
-153.169077,736,17315.686845
-144.113345,675,17332.909577
-217.109854,835,17353.587277
-198.348868,923,17375.444047
-128.813612,560,17388.902603
-86.395672,412,17398.750762
-179.52808,845,17418.923922
-180.075614,734,17436.568547
-170.909899,774,17454.971557
-72.090781,320,17462.458952
-25.266391,115,17468.809708
-173.445325,787,17487.378233
-176.129223,708,17504.126694
-62.298428,293,17511.087736
-74.951448,365,17516.921823
-198.600943,908,17538.743799
-84.108224,381,17547.893442
-63.875728,295,17554.908424
-183.119574,760,17573.145522
-161.205562,769,17591.683036
-154.29874,672,17607.899621
-162.79748,766,17626.01056
-196.500053,862,17646.088089
-110.943103,492,17657.493862
-58.29184,270,17663.820932
-53.912885,262,17669.940076
-122.047899,576,17683.498724
-88.465602,417,17693.259135
-89.632256,417,17705.336258
-69.354878,318,17712.927091
-145.387075,667,17728.558313
-136.014347,614,17743.235332
-104.673515,473,17754.630687
-189.635116,882,17775.831172
-108.14275,502,17787.71385
-140.09105,655,17803.138335
-127.877718,603,17817.402144
-124.936895,559,17830.617333
-85.989179,406,17840.174928
-178.022379,833,17859.782861
-152.491428,715,17876.871937
-84.235477,384,17885.984538
-123.309042,555,17899.376998
-194.35369,826,17919.076494
-144.006104,645,17934.394402
-78.92048,363,17946.207093
-89.918847,419,17956.418245
-61.326804,281,17964.557255
-162.429099,719,17981.6324
-102.810537,482,17992.813282
-70.088907,325,18000.338462
-104.050593,480,18011.560853
-177.025576,810,18030.372843
-133.14463,622,18044.902738
-209.86785,839,18064.871748
-91.191419,423,18074.864766
-169.778372,794,18093.578918
-68.784344,325,18101.225657
-95.972002,446,18111.631038
-208.014565,906,18133.235135
-204.964331,933,18155.510772
-206.412642,976,18178.886842
-48.426462,220,18187.581659
-55.838672,258,18194.023841
-213.718201,973,18217.45419
-104.115138,465,18228.542952
-130.584047,600,18243.145512
-75.718696,350,18252.242539
-62.775982,300,18259.423454
-101.846897,488,18271.060607
-100.971769,483,18282.706291
-207.993099,976,18306.337255
-90.759974,418,18316.548483
-208.915716,970,18339.69494
-92.31798,440,18349.879278
-151.557725,701,18366.02116
-151.199756,689,18381.993149
-98.342588,468,18392.766702
-60.059637,292,18399.606693
-169.690837,799,18418.110595
-73.602358,330,18429.274183
-170.701936,786,18447.947952
-101.39421,443,18458.383426
-136.239235,620,18473.050532
-123.941328,576,18486.574143
-140.074096,600,18500.778588
-105.642453,512,18512.688211
-166.588955,733,18530.068858
-159.784465,751,18547.877768
-62.328915,282,18554.565407
-75.032559,313,18561.909827
-214.595959,950,18584.347454
-123.452326,567,18597.88811
-125.656033,596,18612.113879
-108.178632,495,18624.003539
-71.329883,330,18631.912452
-56.057354,263,18638.193337
-249.317164,898,18659.54021
-61.998756,285,18669.198825
-203.150919,885,18690.789521
-199.093923,939,18712.625873
-169.825249,766,18730.360222
-85.321904,402,18739.790648
-146.727225,705,18757.562715
-198.167214,906,18778.821609
-159.761428,695,18795.146249
-86.079025,405,18804.520072
-198.984343,949,18826.520905
-137.115371,660,18841.81039
-164.304166,770,18859.900698
-173.357808,835,18879.500972
-52.451124,253,18885.447159
-189.23528,830,18908.45729
-168.294646,736,18926.187911
-131.292765,584,18940.009308
-92.559063,429,18950.315574
-134.000148,589,18964.55661
-179.359263,839,18984.570638
-195.479082,902,19006.20538
-148.228471,628,19021.241419
-219.374659,882,19043.409153
-158.607646,745,19058.212794
-144.632696,634,19072.841431
-72.708846,354,19080.817664
-124.227755,576,19094.004556
-135.930569,648,19109.099445
-71.333479,333,19116.82367
-111.32486,521,19129.002046
-128.670014,600,19144.828626
-113.616583,540,19157.711251
-61.760487,286,19164.327479
-68.654123,306,19171.552881
-189.625151,895,19192.322261
-76.174496,349,19200.346381
-170.783088,730,19217.115427
-199.537294,907,19238.836137
-165.235263,708,19256.042648
-129.6055,593,19270.29864
-72.694687,333,19278.14795
-127.655636,584,19291.935787
-137.118955,613,19306.595086
-195.273636,889,19328.198704
-145.530334,667,19344.367085
-135.639323,614,19359.185924
-151.060647,706,19375.934829
-62.494543,280,19386.237567
-108.864559,523,19399.015362
-93.080462,414,19409.09283
-125.17623,565,19422.511481
-209.652946,956,19444.840516
-135.177506,620,19459.277059
-194.13096,887,19480.185307
-79.995514,370,19489.034047
-126.547913,588,19502.952507
-145.894122,684,19518.964773
-124.968152,585,19532.762954
-187.786926,896,19554.104773
-88.370256,410,19563.916232
-85.880266,397,19573.534157
-170.5063,809,19594.530718
-134.805355,593,19608.558707
-168.824585,703,19628.463971
-101.900197,478,19640.20548
-190.292016,918,19662.427505
-123.859451,537,19675.397036
-115.342726,551,19688.602273
-106.846154,487,19700.370295
-139.621967,613,19715.137585
-161.302327,730,19732.690147
-73.613875,342,19740.856451
-79.42991,374,19749.984636
-165.189015,782,19768.800415
-190.829491,873,19789.291011
-144.007885,671,19804.943443
-124.764744,577,19818.311898
-78.054092,347,19826.296077
-136.335665,645,19840.81696
-141.933831,640,19855.774418
-65.163778,316,19863.367163
-26.880677,119,19868.934402
-55.770012,271,19875.643594
-107.443297,492,19887.568774
-180.213095,801,19906.603411
-149.344462,656,19921.990083
-62.047441,271,19928.406484
-101.500575,480,19939.928839
-184.122104,734,19957.548506
-128.582654,597,19971.671695
-121.860241,580,19985.257731
-187.043023,866,20005.341998
-181.418297,778,20023.798489
-87.75945,424,20033.884482
-61.319617,284,20040.758497
-91.742118,419,20050.774871
-109.82809,510,20063.092175
-255.68947,768,20081.630042
-151.445304,684,20098.051911
-84.887418,385,20108.808381
-181.766222,840,20129.21538
-143.647828,672,20145.385104
-157.537661,724,20162.319863
-173.584142,825,20181.387242
-120.427816,549,20194.327233
-192.146112,907,20215.825595
-76.888098,370,20224.592995
-80.543626,386,20233.768913
-89.791623,435,20244.001093
-62.131188,274,20250.60385
-89.303836,426,20260.865555
-140.751813,614,20275.67678
-89.890919,433,20286.04585
-71.411368,329,20293.957476
-200.780255,871,20314.685138
-161.844439,728,20331.949123
-62.997882,302,20339.045328
-69.943869,315,20348.089407
-85.989283,406,20357.729308
-64.746293,289,20364.464064
-126.285349,573,20377.90462
-135.087365,643,20393.249276
-185.301668,874,20414.39555
-187.220012,882,20437.510434
-168.001403,755,20455.558192
-99.811884,451,20466.300432
-87.057453,388,20475.626744
-83.450173,393,20484.947198
-110.68689,526,20497.393782
-122.447059,582,20511.026665
-59.220263,287,20517.745132
-57.038933,275,20524.237475
-209.6944,828,20543.717055
-213.498447,957,20566.518419
-182.934282,875,20587.230334
-4.075134,16,20591.174443
-179.276617,837,20611.280588
-149.257278,663,20627.127368
-114.427181,516,20639.426488
-93.841485,449,20650.206472
-130.724228,626,20665.27071
-183.302207,883,20686.263669
-59.588273,269,20692.598513
-137.782514,656,20708.050086
-148.990114,675,20724.026136
-53.969133,255,20730.137638
-207.561546,959,20753.152189
-70.136907,319,20760.744485
-62.433146,289,20767.66503
-170.703441,733,20785.240515
-169.359878,804,20804.502693
-179.817148,819,20824.035679
-55.127671,248,20832.253
-126.239807,568,20845.832796
-186.088986,794,20864.645128
-70.511812,327,20872.254436
-113.201008,540,20884.730377
-216.626539,953,20906.950304
-76.757456,354,20915.200967
-114.287114,522,20927.567921
-112.285571,543,20940.41782
-238.071916,978,20963.577987
-198.591146,763,20981.711173
-149.410903,697,20998.111011
-54.248551,262,21004.307147
-85.082327,391,21013.505312
-93.681347,433,21023.751333
-132.499156,608,21038.30832
-167.456586,781,21056.911605
-108.117123,486,21069.902317
-93.007371,442,21080.326094
-141.492935,662,21095.748808
-126.230589,585,21109.744975
-121.703941,581,21122.244477
-179.60452,866,21140.233094
-139.51954,622,21155.284883
-74.979205,350,21163.719199
-60.344591,293,21170.736378
-174.69783,678,21186.973758
-78.828425,378,21196.172693
-70.850345,294,21203.184793
-142.058831,662,21219.026832
-166.123594,738,21236.338472
-181.5628,863,21256.603755
-130.581245,600,21270.630361
-181.96915,838,21290.587987
-121.948472,548,21306.858154
-85.35216,394,21316.50488
-131.175845,549,21329.440682
-104.352604,484,21341.162979
-91.386138,432,21351.567522
-68.304201,322,21359.367989
-85.161767,414,21369.440044
-110.196994,481,21380.9084
-182.14489,839,21400.869901
-144.048713,660,21416.581631
-72.317965,348,21424.985818
-151.164019,615,21439.657856
-103.09934,486,21451.229713
-167.509437,783,21470.109971
-97.854668,407,21479.918547
-70.950374,314,21487.49736
-121.527493,564,21501.182418
-108.036737,479,21512.794452
-53.84546,255,21518.966013
-106.488114,482,21530.425145
-161.774691,692,21551.268779
-161.780208,757,21569.705231
-223.054846,949,21592.056016
-157.86396,752,21609.713162
-150.90524,687,21625.799922
-118.481768,514,21637.82999
-105.205409,475,21649.090952
-100.203974,459,21660.205365
-83.246356,396,21669.676857
-152.792082,708,21686.727365
-88.048269,426,21696.841608
-90.329542,427,21706.972208
-200.747592,940,21729.368951
-113.214283,531,21742.201294
-166.973839,759,21760.676228
-180.474047,878,21781.569305
-68.200998,313,21789.032021
-6.788442,29,21793.838472
-150.637021,713,21811.006787
-199.582034,893,21832.637313
-190.034846,862,21853.396741
-155.822319,740,21871.442397
-79.33404,380,21880.626297
-134.372105,623,21895.774178
-91.057683,358,21904.446942
-125.2305,544,21917.666781
-81.257546,352,21926.252948
-165.030266,771,21944.615626
-196.756749,922,21966.351757
-140.518495,623,21980.891037
-153.095099,695,21997.186142
-93.023162,431,22007.509826
-150.757157,651,22022.786309
-113.688915,442,22035.202226
-97.256262,456,22046.106029
-191.449552,885,22067.48683
-120.572983,561,22081.065757
-149.506916,699,22098.015153
-193.57932,853,22118.35664
-180.549926,847,22138.584834
-184.691445,833,22158.396434
-144.028291,653,22173.899248
-62.633639,290,22180.757412
-106.596912,481,22192.348509
-79.688496,391,22203.5131
-165.05371,707,22220.679114
-128.551672,558,22234.301114
-109.380118,520,22246.818376
-73.764676,334,22254.873527
-197.952189,887,22276.002337
-9.414105,45,22280.149908
-130.282221,605,22294.782837
-103.883545,483,22306.176097
-82.992647,387,22315.267431
-193.168663,887,22335.955593
-109.137445,513,22348.054609
-63.193599,302,22355.142247
-129.378262,616,22369.63114
-94.670665,435,22379.967916
-174.517235,759,22398.156695
-157.780159,766,22414.813724
-153.23282,708,22427.526248
-148.853749,692,22440.269734
-92.714308,422,22448.009719
-212.191916,849,22465.902959
-107.575951,486,22475.183327
-62.335757,284,22482.401265
-170.181072,806,22499.284821
-117.246788,512,22508.064495
-181.969983,855,22522.580561
-116.62587,531,22531.430567
-214.55813,982,22547.713141
-159.61616,775,22560.814649
-183.83007,847,22575.373404
-152.267727,673,22587.121867
-155.939506,702,22599.134839
-67.079168,312,22604.494898
-157.467409,726,22616.920323
-141.086221,602,22627.244684
-67.894221,318,22632.697349
-227.349689,929,22649.016183
-75.230656,342,22654.963453
-55.304953,266,22659.217063
-134.195453,628,22672.059729
-56.442991,262,22676.432372
-229.206858,981,22692.905015
-110.648217,494,22701.327496
-194.290275,847,22715.736627
-156.138481,751,22727.273485
-59.671639,286,22732.219501
-215.163586,973,22747.988587
-57.467873,270,22752.519736
-192.662112,859,22766.632293
-55.166692,272,22771.189737
-104.214755,493,22778.968354
-172.873422,748,22791.04327
-211.199946,891,22805.121963
-188.007019,878,22819.788291
-145.123263,662,22830.405549
-71.40962,333,22837.408049
-177.822587,846,22851.823267
-64.77679,289,22856.653423
-189.082884,912,22871.824157
-85.622576,406,22878.845067
-75.908738,358,22884.752551
-184.789629,814,22898.2944
-137.591748,623,22911.26333
-165.148749,764,22924.517217
-193.222541,827,22938.798483
-74.363778,352,22944.726202
-119.919401,529,22953.944841
-204.803706,894,22969.331806
-193.293238,839,22983.654059
-183.476582,856,22998.409771
-122.089759,589,23008.59399
-24.151453,102,23012.780667
-154.349271,699,23024.879647
-198.07014,896,23039.937549
-90.035053,416,23047.290522
-79.56946,368,23053.47209
-77.592724,360,23059.564926
-59.528363,275,23064.233006
-66.019763,308,23069.561586
-173.442641,772,23082.094456
-75.058869,361,23088.242218
-174.032691,789,23101.037448
-130.766601,581,23110.778946
-73.593723,321,23116.340209
-184.033512,737,23128.38228
-126.51386,587,23137.616294
-159.342964,736,23149.534342
-69.92207,329,23154.855693
-198.301387,910,23169.622694
-118.074779,555,23180.591863
-126.082272,586,23193.162553
-123.551763,552,23206.515142
-89.460462,423,23215.57107
-185.517161,806,23233.359056
-106.655259,500,23245.388487
-202.459611,908,23267.221638
-79.751176,381,23276.362484
-211.512129,968,23299.811008
-169.569429,762,23318.105196
-201.812521,921,23339.903909
-102.896308,464,23351.073565
-73.07839,339,23359.178795
-102.343321,469,23370.516045
-122.402784,557,23381.273828
-53.640498,264,23387.549695
-185.8834,898,23408.782386
-43.618053,202,23415.230448
-154.154806,698,23431.781831
-155.503678,665,23447.462283
-108.20415,459,23458.346403
-176.83947,823,23478.001575
-142.062429,648,23493.464009
-84.010579,382,23502.561798
-66.598217,317,23510.183292
-74.077738,324,23517.986222
-146.734172,665,23534.066859
-111.674304,535,23547.100701
-158.599057,738,23563.039346
-156.824095,732,23580.584272
-116.835881,538,23593.64764
-109.96575,518,23606.374533
-74.987958,359,23615.107433
-142.660853,666,23631.614092
-65.950049,309,23639.165219
-137.399898,624,23656.004063
-227.534332,842,23676.862765
-207.063206,971,23700.229086
-104.311171,474,23713.497956
-98.457548,447,23723.489247
-150.976611,717,23736.371153
-139.59948,602,23747.153942
-154.151415,707,23759.232158
-184.466933,862,23773.959893
-212.460806,952,23789.659778
-122.981562,543,23798.21109
-95.109847,446,23805.420562
-157.135766,713,23816.808381
-85.817657,392,23822.93891
-209.592022,904,23837.058136
-92.012554,428,23846.608995
-101.282645,471,23853.69198
-186.879919,812,23866.279994
-174.106685,821,23879.349161
-196.242588,877,23893.370676
-71.346011,292,23897.81832
-186.300274,864,23911.306053
-103.002615,461,23918.509883
-203.970938,937,23933.687837
-155.814831,732,23945.333204
-106.838288,499,23953.404631
-126.767033,590,23963.065343
-176.064293,799,23976.06756
-94.275456,416,23983.023315
-68.083239,311,23988.225684
-159.601382,753,24000.573322
-78.575608,365,24009.662487
-196.142948,903,24024.40815
-148.376613,601,24034.668983
-102.590714,468,24042.497409
-201.026953,929,24057.96517
-157.031405,754,24070.535727
-197.077428,935,24085.862613
-188.585477,912,24100.815272
-147.139729,693,24112.265767
-139.919877,664,24122.687667
-190.837808,894,24137.037617
-112.534696,515,24145.733759
-128.604497,605,24155.261316
-153.400381,684,24166.132563
-101.151305,443,24174.344542
-110.342358,507,24182.524897
-78.632094,377,24188.29196
-169.219863,782,24199.745046
-89.190259,423,24206.544525
-156.327383,731,24218.656906
-214.621228,976,24233.856386
-206.362356,958,24248.659951
-96.069714,428,24255.320286
-72.725592,331,24260.792084
-211.16731,973,24275.917645
-229.238332,981,24292.101225
-65.918804,309,24297.109728
-141.516442,668,24308.050795
-169.823997,772,24322.150557
-156.145801,739,24338.353735
-9.424443,45,24342.204976
-153.524491,696,24358.509204
-206.957456,938,24376.179575
-100.704419,450,24387.439494
-56.393908,265,24394.1501
-107.497929,513,24408.844866
-200.177233,896,24426.697599
-196.930284,885,24448.927171
-205.454089,846,24469.416979
-122.978882,579,24483.394501
-83.236849,376,24492.451619
-209.991431,919,24514.692181
-62.605122,304,24522.182248
-161.63298,740,24540.181901
-166.928985,715,24557.612262
-129.741504,580,24571.642203
-64.287449,298,24581.467651
-161.22676,743,24600.06397
-178.793554,775,24619.298394
-83.296736,384,24628.895093
-180.929647,823,24649.299618
-179.07192,814,24669.569853
-104.946351,505,24681.908919
-126.51127,566,24695.89041
-94.977767,434,24706.541292
-168.320288,770,24725.574049
-140.178878,667,24742.110501
-151.277355,711,24759.838526
-200.066647,890,24782.185721
-61.177029,280,24789.213273
-57.794411,261,24795.692513
-75.232587,365,24804.821001
-166.352154,762,24823.890191
-52.88365,250,24831.256032
-134.741735,618,24846.453063
-100.827455,457,24857.538357
-70.654811,289,24864.485477
-161.058496,716,24881.928594
-197.455523,951,24905.393549
-107.084221,519,24918.276991
-94.237877,419,24928.672012
-195.921342,886,24950.546887
-188.782594,878,24972.427962
-183.080121,858,24993.917297
-194.804261,919,25016.550989
-158.896439,755,25035.117617
-170.370302,780,25054.090768
-124.167441,601,25068.960571
-76.770777,337,25077.401179
-3.476373,17,25079.776486
-201.200577,906,25102.436339
-195.078356,916,25125.202884
-69.214053,321,25133.373001
-188.1199,851,25154.834195
-140.734155,643,25171.012073
-212.008072,939,25193.901873
-199.965226,931,25216.41117
-90.722522,395,25225.897492
-121.117605,578,25239.862932
-206.236989,952,25263.07663
-60.151108,283,25269.894462
-165.856974,806,25289.425054
-166.717346,763,25308.49887
-152.943024,701,25326.082106
-3.17733,15,25331.185092
-72.721459,348,25340.244543
-154.552709,731,25358.297291
-150.965908,680,25374.967995
-120.89142,561,25388.853424
-107.565259,492,25400.892774
-190.578274,893,25423.093001
-123.828946,590,25437.94956
-118.830202,553,25453.748113
-69.846223,324,25461.941726
-153.635632,727,25480.374298
-97.347953,426,25491.271752
-125.073688,591,25506.201492
-135.338713,615,25521.85043
-88.590357,425,25532.701826
-133.994297,630,25548.065189
-103.716443,468,25559.349451
-125.867455,585,25573.633592
-79.935575,361,25585.404188
-164.900138,758,25604.129774
-151.726061,695,25620.915795
-107.151945,499,25633.16536
-130.164507,616,25648.351605
-83.76056,384,25657.814067
-181.037003,819,25678.120817
-167.802347,729,25696.179839
-155.25703,736,25714.407319
-92.863709,436,25725.27933
-202.483484,925,25747.977707
-162.004637,758,25766.706982
-144.220207,585,25781.060727
-175.815224,805,25801.464259
-154.152211,740,25820.059527
-107.114916,515,25834.295235
-81.358402,377,25843.828044
-56.346664,262,25850.396236
-130.607265,622,25866.15097
-90.062479,405,25876.38739
-82.804092,406,25886.538699
-106.600816,478,25898.498437
-145.711397,666,25914.651296
-98.998766,480,25926.317782
-204.308194,890,25948.127613
-159.277468,744,25966.180986
-157.863995,758,25984.63077
-93.043115,443,25995.384868
-205.035121,982,26019.29436
-79.56061,354,26027.794821
-190.730341,849,26048.901888
-180.494332,801,26068.648071
-102.836461,483,26084.416534
-54.205099,261,26091.02509
-180.16526,869,26112.143238
-128.650786,609,26126.756512
-136.334093,600,26141.3147
-77.581418,304,26148.926324
-83.697435,382,26155.774392
-145.377729,638,26171.62725
-146.112067,652,26187.891139
-175.395376,821,26208.490226
-114.079267,535,26221.985315
-102.420349,484,26234.046022
-148.475379,658,26250.411839
-53.080501,258,26256.844814
-60.141531,272,26263.398145
-129.376676,617,26278.280905
-63.187581,301,26285.493028
-166.88933,803,26304.851603
-141.518612,668,26321.044711
-56.354414,268,26331.364833
-203.648011,981,26355.298512
-82.037446,396,26365.066019
-88.218144,401,26374.878547
-187.491582,796,26394.532197
-136.373549,657,26410.825389
-159.661978,756,26429.554038
-85.210672,403,26439.450148
-103.000452,474,26451.356693
-133.307257,643,26467.090336
-201.707639,903,26489.032457
-135.488536,627,26506.727588
-182.477757,811,26526.955583
-190.66887,892,26549.113626
-75.669655,296,26556.645121
-136.409101,639,26572.593189
-68.922448,325,26584.489226
-58.861386,273,26591.567642
-137.068668,624,26607.204165
-191.769458,872,26628.500866
-210.42951,981,26652.312847
-144.282237,587,26666.625697
-121.926485,553,26680.118995
-129.311292,559,26693.877643
-128.177922,595,26708.307533
-92.945652,423,26718.635199
-186.330392,879,26739.898262
-81.56114,391,26749.424825
-60.870133,279,26756.302796
-174.518865,816,26776.553986
-191.324337,907,26798.92606
-156.765735,681,26815.321477
-123.625045,580,26833.233855
-144.309896,632,26848.780259
-138.500309,598,26863.531662
-200.534419,906,26886.089921
-193.759778,887,26908.055824
-82.162465,374,26917.337202
-101.834551,488,26929.347384
-247.028532,951,26953.115952
-64.47875,313,26961.042474
-83.175534,361,26970.141691
-174.512616,822,26990.182786
-221.195669,879,27011.424778
-178.635919,772,27030.138895
-127.140979,563,27043.777724
-86.128341,415,27053.824086
-92.516162,429,27064.272074
-66.398333,306,27071.670581
-66.761335,304,27083.244554
-142.746553,580,27097.688241
-102.385713,420,27108.028862
-176.46415,825,27128.340884
-150.778196,613,27143.504035
-117.351734,545,27156.831673
-149.483181,681,27173.230283
-71.329019,342,27181.508793
-105.688708,491,27193.528161
-198.572249,883,27215.212493
-168.977207,771,27234.326949
-76.33704,329,27242.472567
-212.431467,899,27264.980017
-179.456409,864,27286.739158
-120.463455,575,27301.085757
-99.478436,482,27313.094345
-147.78269,700,27332.24053
-127.249283,586,27346.554904
-131.29198,603,27361.034013
-127.396468,604,27375.51551
-113.488991,526,27388.217371
-155.48241,713,27405.315827
-111.633004,506,27417.467393
-167.036916,751,27435.672007
-86.156689,405,27445.509259
-176.865164,828,27465.568831
-55.665826,269,27472.128337
-193.963545,883,27493.848805
-71.708613,298,27501.20598
-94.097254,428,27511.72201
-79.9664,379,27521.131198
-93.313416,416,27531.55934
-126.019449,586,27545.996402
-115.340431,554,27559.557036
-60.75375,279,27566.525653
-79.933359,386,27580.498718
-201.473053,902,27603.725828
-55.411222,251,27609.978451
-106.148907,468,27621.7042
-110.096524,453,27633.036655
-70.554124,289,27640.19742
-267.002586,832,27661.086525
-114.541345,523,27674.219874
-168.710291,811,27694.632021
-181.473483,785,27713.516077
-203.743858,939,27736.164454
-185.305571,902,27757.950126
-121.773447,537,27771.000211
-73.16524,340,27779.286117
-76.045807,373,27788.299096
-145.342056,655,27804.122829
-195.327171,914,27826.347294
-5.859149,26,27829.629918
-142.49624,649,27845.810729
-93.885926,450,27857.15551
-211.787267,970,27880.864335
-70.907732,344,27889.277555
-92.457998,447,27900.179439
-183.645954,867,27921.586589
-175.608299,829,27942.060502
-81.946356,402,27952.135331
-80.108227,386,27961.811005
-186.57945,880,27983.750715
-87.659311,406,27993.864519
-184.338837,879,28015.936393
-93.369056,434,28026.881255
-125.536146,562,28040.889973
-130.457812,590,28055.725778
-109.670817,485,28067.445335
-87.137104,359,28076.060497
-12.467893,61,28080.687375
-172.880795,835,28101.119112
-81.994042,359,28109.794487
-62.187785,272,28116.369713
-194.816975,943,28138.935145
-145.759794,643,28154.407248
-160.731545,739,28172.438576
-121.263319,496,28184.734556
-129.479067,601,28199.515984
-135.238653,637,28215.279579
-149.091497,664,28231.796321
-99.940231,479,28243.739543
-57.74735,281,28250.757433
-172.667731,749,28269.532198
-144.858542,675,28286.260537
-119.007315,529,28299.524427
-137.386013,654,28316.028466
-95.247434,444,28328.900686
-175.160497,790,28348.927817
-169.604207,766,28368.179419
-103.257578,486,28380.344289
-96.903214,454,28391.714163
-196.122246,925,28414.819415
-180.459017,820,28434.725445
-146.528237,664,28450.751726
-117.293767,464,28461.963131
-174.700853,844,28482.408644
-92.077438,446,28493.206292
-216.59041,953,28516.360663
-163.471222,785,28535.233888
-207.791714,923,28558.04127
-151.764234,680,28578.987545
-55.273339,261,28585.815831
-157.655344,702,28603.119499
-106.266453,507,28615.797664
-134.737204,576,28630.242942
-183.148884,856,28651.520447
-215.770151,951,28675.696635
-129.476367,601,28690.76197
-78.460304,374,28700.263549
-169.710467,801,28722.502845
-79.126759,382,28731.94154
-136.862879,624,28747.576625
-183.513982,815,28768.103047
-60.080065,277,28775.014663
-151.971562,691,28791.631442
-127.285841,587,28805.803724
-210.023551,816,28825.437847
-47.496063,179,28831.285799
-60.783435,289,28838.295866
-151.630991,707,28855.386752
-127.065265,563,28869.120342
-210.065742,962,28892.490547
-59.301876,284,28899.489108
-105.455637,497,28911.806941
-67.277598,320,28919.615349
-75.485801,367,28928.771893
-160.101514,753,28947.332141
-78.183947,360,28956.238398
-52.71095,253,28962.423555
-82.680031,324,28970.340991
-114.867064,549,28984.012542
-131.972644,625,28999.543845
-158.684462,724,29017.33582
-113.199651,505,29029.869893
-63.878983,289,29037.078992
-71.618677,344,29045.608409
-84.251166,384,29055.238724
-198.037143,901,29079.402457
-85.27559,408,29089.617946
-82.493732,374,29098.929101
-144.05924,693,29116.367588
-62.354639,282,29123.316328
-106.094776,489,29135.63065
-140.472597,638,29151.069
-67.992887,327,29158.917966
-150.313919,699,29175.895243
-67.467653,311,29183.336427
-68.88778,315,29190.938729
-177.228759,790,29210.144377
-98.856255,453,29221.178107
-157.459802,736,29238.990417
-79.483774,368,29247.852783
-62.893475,306,29255.268012
-64.21846,285,29262.078585
-203.342321,956,29285.502295
-106.754694,473,29297.082729
-167.602216,717,29314.692561
-79.678864,380,29328.386482
-57.864792,257,29335.011025
-198.304148,788,29354.26016
-55.263024,252,29360.401985
-58.86794,280,29367.208405
-71.75541,329,29375.271437
-61.382965,295,29382.614503
-100.062173,463,29394.283329
-181.153162,808,29414.340445
-85.774613,411,29424.553513
-148.952995,682,29441.588464
-112.056804,500,29453.921983
-156.511765,718,29472.094003
-88.382047,410,29482.344684
-169.686537,795,29502.077739
-145.457736,639,29517.502836
-201.75816,891,29539.169035
-131.023992,619,29554.067252
-142.615579,668,29570.32091
-41.915933,195,29578.372179
-151.737604,681,29595.128445
-185.373498,862,29615.968896
-192.454914,928,29638.797208
-81.48988,385,29648.185344
-78.319129,347,29656.867765
-111.612594,499,29669.01211
-104.605046,470,29680.657089
-62.337634,285,29687.565336
-92.471923,440,29698.423985
-123.268532,559,29712.229108
-206.794269,828,29732.597016
-166.217013,777,29751.825742
-125.940984,563,29765.949101
-114.244524,514,29779.021866
-136.747507,659,29795.704474
-176.232095,798,29815.753505
-86.270233,405,29830.917817
-187.645467,801,29851.44995
-74.622514,333,29859.629292
-208.70572,978,29883.1762
-148.163791,702,29900.096099
-173.880804,810,29919.690937
-205.729332,820,29939.530801
-190.390472,892,29961.282314
-74.170566,353,29969.875556
-68.794935,334,29978.021758
-116.143545,569,29992.130212
-100.391186,494,30004.320274
-238.982426,978,30028.634366
-98.626943,436,30039.477199
-132.737522,600,30054.559007
-138.90011,653,30070.694353
-50.725493,247,30081.348921
-211.060849,978,30106.971006
-170.309712,728,30125.073245
-57.000888,272,30131.905802
-149.331169,663,30148.698259
-190.668683,877,30170.688078
-111.801729,467,30182.472458
-139.168384,669,30199.123666
-246.106215,916,30221.881539
-147.050895,677,30238.323027
-118.336167,516,30250.844823
-95.104819,450,30261.792825
-96.146637,446,30272.525604
-119.917662,538,30285.504164
-193.180529,845,30306.098002
-106.476322,481,30317.725024
-104.92468,477,30331.968557
-160.020475,749,30350.459915
-181.30808,848,30371.481777
-219.370206,960,30395.086375
-96.314246,466,30407.894981
-264.552926,856,30424.17774
-53.799422,254,30428.610173
-213.390354,944,30444.737851
-69.32406,327,30449.712181
-94.292196,435,30457.573663
-293.603674,933,30478.851725
-203.064468,933,30495.284986
-183.093894,872,30513.779719
-217.38233,962,30534.908353
-67.36928,276,30541.588879
-40.818349,185,30549.073428
-92.647453,422,30558.542043
-107.873616,497,30570.621024
-176.11746,826,30586.993892
-56.890461,271,30592.901771
-76.756609,337,30600.321814
-143.647188,674,30612.965227
-64.374169,305,30620.395332
-68.712517,304,30625.779236
-148.613622,706,30639.718861
-82.668853,362,30646.315698
-179.454478,842,30662.175731
-185.30789,875,30683.833858
-77.600158,350,30692.482785
-155.042118,693,30705.27151
-189.672537,874,30724.416357
-168.564331,779,30740.872068
-161.91665,778,30758.806989
-23.091799,105,30765.701236
-56.756149,262,30773.099878
-146.202079,680,30789.24119
-208.126788,942,30811.824789
-103.493838,474,30821.98823
-58.387006,278,30829.025801
-134.646325,644,30844.08256
-212.826466,980,30866.789506
-62.815701,295,30872.149094
-192.117639,869,30889.692322
-72.574752,297,30895.129217
-179.571609,830,30913.376436
-98.922299,459,30926.370714
-201.345949,879,30945.14023
-70.165078,323,30953.03988
-114.284315,515,30963.395696
-166.389788,712,30977.005326
-123.636468,561,30993.999901
